"Time (s)","Latitude (°)","Longitude (°)","Height (m)","Velocity (m/s)","Direction (°)","Horizontal Accuracy (m)","Vertical Accuracy (m)"
8.182198770E-1,6.031332380E1,2.503291190E1,2.719817838E1,NaN,NaN,2.117499924E1,1.085825920E0
1.238211462E0,6.031332380E1,2.503291190E1,2.719817838E1,NaN,NaN,2.410799980E1,1.672425985E0
1.372038462E0,6.031332380E1,2.503291190E1,2.719817838E1,NaN,NaN,2.504599953E1,1.860025883E0
1.400535769E0,6.031332380E1,2.503291190E1,2.719817838E1,NaN,NaN,2.524900055E1,1.900625944E0
4.322721539E0,6.031331167E1,2.503309167E1,5.539856898E1,1.482400000E-1,1.639299927E2,2.599999905E0,3.799999952E0
5.316088308E0,6.031332000E1,2.503305833E1,5.059849033E1,8.544389158E-2,1.639299927E2,2.099999905E0,3.599999905E0
7.163796001E0,6.031332167E1,2.503305833E1,4.989848859E1,5.095750093E-2,1.639299927E2,2.099999905E0,3.599999905E0
8.165826231E0,6.031332667E1,2.503305833E1,4.939848336E1,4.066305608E-2,1.639299927E2,2.000000000E0,3.599999905E0
9.162934462E0,6.031332833E1,2.503305667E1,4.849847812E1,2.470666729E-2,1.639299927E2,2.000000000E0,3.700000048E0
1.016644162E1,6.031333000E1,2.503305833E1,4.789847987E1,2.728027850E-2,1.639299927E2,2.000000000E0,3.799999952E0
1.117036131E1,6.031333167E1,2.503305833E1,4.739847813E1,3.345694393E-2,1.639299927E2,2.000000000E0,3.799999952E0
1.217444738E1,6.031333333E1,2.503306000E1,4.699847988E1,4.014833272E-2,1.639299927E2,1.899999976E0,3.799999952E0
1.317087292E1,6.031333333E1,2.503305833E1,4.649847638E1,1.863294393E-1,1.639299927E2,1.899999976E0,3.799999952E0
1.418983546E1,6.031333167E1,2.503305500E1,4.509847113E1,5.708269477E-1,1.848399963E2,1.899999976E0,3.900000095E0
1.516203362E1,6.031332333E1,2.503305000E1,4.459846936E1,8.050255775E-1,1.796900024E2,1.899999976E0,3.900000095E0
1.617178131E1,6.031331833E1,2.503304500E1,4.389846410E1,9.470888972E-1,1.760099945E2,1.899999976E0,4.000000000E0
1.717609762E1,6.031331333E1,2.503302833E1,4.189843437E1,9.126024842E-1,1.841399994E2,1.700000048E0,3.900000095E0
1.816278808E1,6.031330667E1,2.503303167E1,4.229844833E1,9.985610843E-1,1.788600006E2,1.600000024E0,3.900000095E0
1.918067108E1,6.031329833E1,2.503303167E1,4.229845705E1,9.656189084E-1,1.906499939E2,1.500000000E0,3.900000095E0
2.018909239E1,6.031329167E1,2.503303000E1,4.259846053E1,1.062386632E0,1.826100006E2,1.500000000E0,3.799999952E0
2.117746592E1,6.031328333E1,2.503302833E1,4.289846575E1,1.051577449E0,1.753099976E2,1.399999976E0,3.799999952E0
2.216700308E1,6.031327333E1,2.503303000E1,4.289847971E1,1.134447813E0,1.749600067E2,1.399999976E0,3.799999952E0
2.316567116E1,6.031326667E1,2.503303000E1,4.319848668E1,1.217318058E0,1.728399963E2,1.399999976E0,3.799999952E0
2.416078492E1,6.031326000E1,2.503303667E1,4.339850764E1,1.396441340E0,1.669700012E2,1.399999976E0,3.799999952E0
2.517978862E1,6.031325500E1,2.503303833E1,4.329851637E1,1.246657252E0,1.629400024E2,1.399999976E0,3.799999952E0
2.616926369E1,6.031324500E1,2.503304500E1,4.349854081E1,1.107167482E0,1.568300018E2,1.399999976E0,3.799999952E0
2.718144616E1,6.031323833E1,2.503306000E1,4.369857926E1,1.116947174E0,1.530099945E2,1.500000000E0,3.799999952E0
2.817051046E1,6.031323167E1,2.503307667E1,4.379862120E1,1.116432548E0,1.425200043E2,1.500000000E0,3.900000095E0
2.917372339E1,6.031322833E1,2.503309500E1,4.379866315E1,1.131874204E0,1.335500031E2,1.500000000E0,3.900000095E0
3.016915723E1,6.031322333E1,2.503311833E1,4.369871733E1,1.143712759E0,1.231500015E2,1.500000000E0,3.900000095E0
3.118866954E1,6.031321833E1,2.503314333E1,4.359877501E1,1.163786888E0,1.184499969E2,1.500000000E0,3.900000095E0
3.216541939E1,6.031321333E1,2.503316833E1,4.369883269E1,1.185405254E0,1.127099991E2,1.500000000E0,3.900000095E0
3.316935631E1,6.031320667E1,2.503319333E1,4.369889211E1,1.186434746E0,1.124800034E2,1.500000000E0,3.900000095E0
3.416381085E1,6.031320167E1,2.503322000E1,4.379895329E1,1.162757516E0,1.084199982E2,1.500000000E0,4.000000000E0
3.517392308E1,6.031319833E1,2.503324000E1,4.359899873E1,1.169448853E0,1.059700012E2,1.500000000E0,4.000000000E0
3.617894470E1,6.031319500E1,2.503326000E1,4.349904418E1,1.191581964E0,1.042500000E2,1.500000000E0,4.099999905E0
3.717564739E1,6.031319000E1,2.503328500E1,4.319910186E1,1.217318058E0,1.018700027E2,1.500000000E0,3.799999952E0
3.817638123E1,6.031318833E1,2.503330667E1,4.309914906E1,1.254378080E0,1.035599976E2,1.500000000E0,3.799999952E0
3.916630900E1,6.031318667E1,2.503333000E1,4.269919975E1,1.266731381E0,1.035699997E2,1.500000000E0,3.700000048E0
4.016758831E1,6.031318500E1,2.503335167E1,4.239924695E1,1.277025819E0,1.026299973E2,1.500000000E0,3.599999905E0
4.117328408E1,6.031318167E1,2.503337333E1,4.229929589E1,1.281658292E0,1.007200012E2,1.500000000E0,3.599999905E0
4.216784377E1,6.031317833E1,2.503339500E1,4.219934484E1,1.273937464E0,1.001699982E2,1.500000000E0,3.599999905E0
4.318412377E1,6.031317667E1,2.503341500E1,4.169938854E1,1.282687783E0,9.983999634E1,1.399999976E0,3.599999905E0
4.418396862E1,6.031317333E1,2.503343333E1,4.139943049E1,1.299158931E0,9.962999725E1,1.399999976E0,3.599999905E0
4.516783393E1,6.031317000E1,2.503345167E1,4.099947244E1,1.298129439E0,9.955999756E1,1.399999976E0,3.599999905E0
4.618299970E1,6.031316667E1,2.503347167E1,4.059951788E1,1.304306149E0,9.923999786E1,1.399999976E0,3.599999905E0
4.717855731E1,6.031316500E1,2.503349500E1,4.019956858E1,1.305850267E0,9.793000031E1,1.399999976E0,3.700000048E0
4.816986585E1,6.031316333E1,2.503351333E1,3.979960878E1,1.299673557E0,9.800000000E1,1.399999976E0,3.700000048E0
4.917135970E1,6.031316167E1,2.503353333E1,3.939965249E1,1.304820776E0,1.004300003E2,1.399999976E0,3.599999905E0
5.016727639E1,6.031316167E1,2.503355667E1,3.899970144E1,1.306365013E0,9.970999908E1,1.299999952E0,3.599999905E0
5.116837323E1,6.031316000E1,2.503357833E1,3.869974864E1,1.302247167E0,9.887999725E1,1.299999952E0,3.599999905E0
5.219378523E1,6.031316000E1,2.503360000E1,3.819979409E1,1.303791404E0,9.973000336E1,1.299999952E0,3.599999905E0
5.317999270E1,6.031316000E1,2.503362167E1,3.749983955E1,1.299158931E0,1.008199997E2,1.299999952E0,3.500000000E0
5.417059170E1,6.031315667E1,2.503364500E1,3.699989199E1,1.291438103E0,1.034100037E2,1.299999952E0,3.500000000E0
5.517804031E1,6.031315333E1,2.503366833E1,3.639994443E1,1.284746647E0,1.023399963E2,1.299999952E0,3.400000095E0
5.616749139E1,6.031315167E1,2.503369000E1,3.579999162E1,1.273937464E0,1.021699982E2,1.299999952E0,3.400000095E0
5.717134131E1,6.031315000E1,2.503371333E1,3.520004232E1,1.273937464E0,1.025999985E2,1.299999952E0,3.500000000E0
5.817664900E1,6.031314833E1,2.503373667E1,3.450009301E1,1.279599428E0,1.039800034E2,1.299999952E0,3.500000000E0
5.918324093E1,6.031314500E1,2.503376000E1,3.390014545E1,1.287320256E0,1.038700027E2,1.299999952E0,3.500000000E0
6.017550277E1,6.031314167E1,2.503378333E1,3.340019789E1,1.293496966E0,1.037900009E2,1.299999952E0,3.599999905E0
6.117633608E1,6.031313833E1,2.503381000E1,3.330025732E1,1.309453368E0,1.030500031E2,1.299999952E0,3.599999905E0
6.216388839E1,6.031313500E1,2.503383500E1,3.310031326E1,1.320262551E0,1.037900009E2,1.299999952E0,3.500000000E0
6.318010039E1,6.031313333E1,2.503386167E1,3.270037094E1,1.323865533E0,1.021100006E2,1.200000048E0,3.400000095E0
6.416622500E1,6.031313167E1,2.503388833E1,3.230042863E1,1.331071615E0,1.017900009E2,1.200000048E0,3.400000095E0
6.517614677E1,6.031312833E1,2.503391333E1,3.200048457E1,1.340851426E0,1.012300034E2,1.200000048E0,3.400000095E0
6.618295054E1,6.031312667E1,2.503393833E1,3.210053876E1,1.340336680E0,9.906999969E1,1.200000048E0,3.400000095E0
6.717160654E1,6.031312500E1,2.503396333E1,3.200059295E1,1.341880798E0,1.016600037E2,1.299999952E0,3.500000000E0
6.816599108E1,6.031312167E1,2.503398667E1,3.210064539E1,1.332615852E0,1.040500031E2,1.299999952E0,3.500000000E0
6.916863485E1,6.031311833E1,2.503400833E1,3.200069433E1,1.328498006E0,1.043499985E2,1.299999952E0,3.500000000E0
7.018189393E1,6.031311667E1,2.503403167E1,3.220074502E1,1.324895024E0,1.056399994E2,1.299999952E0,3.500000000E0
7.117303200E1,6.031311500E1,2.503405667E1,3.240079922E1,1.321806669E0,1.049899979E2,1.299999952E0,3.500000000E0
7.217070862E1,6.031311000E1,2.503408167E1,3.240085689E1,1.316659451E0,1.045400009E2,1.299999952E0,3.500000000E0
7.316966677E1,6.031310833E1,2.503410500E1,3.240090759E1,1.319747806E0,1.034700012E2,1.299999952E0,3.500000000E0
7.417170739E1,6.031310500E1,2.503413000E1,3.240096352E1,1.326953888E0,1.028600006E2,1.299999952E0,3.500000000E0
7.516271416E1,6.031310000E1,2.503415500E1,3.220102120E1,1.332101107E0,1.025699997E2,1.299999952E0,3.500000000E0
7.616407977E1,6.031309667E1,2.503418167E1,3.210108063E1,1.342395544E0,1.015800018E2,1.299999952E0,3.500000000E0
7.718440493E1,6.031309167E1,2.503420833E1,3.190114180E1,1.352175236E0,1.020299988E2,1.299999952E0,3.500000000E0
7.817147054E1,6.031308833E1,2.503423500E1,3.170120123E1,1.366072774E0,1.026600037E2,1.299999952E0,3.500000000E0
7.916781239E1,6.031308500E1,2.503426167E1,3.150126066E1,1.371734738E0,1.034599991E2,1.299999952E0,3.500000000E0
8.017392747E1,6.031308000E1,2.503428833E1,3.130132184E1,1.377396703E0,1.030500031E2,1.299999952E0,3.500000000E0
8.116731816E1,6.031307667E1,2.503431333E1,3.120137777E1,1.370190501E0,1.042799988E2,1.299999952E0,3.500000000E0
8.218179077E1,6.031307167E1,2.503433500E1,3.110142845E1,1.372249484E0,1.040000000E2,1.299999952E0,3.500000000E0
8.316841639E1,6.031306500E1,2.503435833E1,3.100148438E1,1.374308348E0,1.047300034E2,1.299999952E0,3.500000000E0
8.416831239E1,6.031306000E1,2.503438167E1,3.100153856E1,1.366587520E0,1.057500000E2,1.299999952E0,3.500000000E0
8.519859208E1,6.031305500E1,2.503440167E1,3.100158574E1,1.365043283E0,1.043600006E2,1.299999952E0,3.500000000E0
8.617547816E1,6.031304833E1,2.503442167E1,3.100163467E1,1.362469673E0,1.038099976E2,1.399999976E0,3.500000000E0
8.717404008E1,6.031304500E1,2.503444000E1,3.110167662E1,1.356293082E0,1.031699982E2,1.399999976E0,3.500000000E0
8.818908370E1,6.031303833E1,2.503445833E1,3.120172205E1,1.349087000E0,1.024300003E2,1.399999976E0,3.500000000E0
8.917338062E1,6.031303167E1,2.503447833E1,3.150177098E1,1.342910290E0,1.016500015E2,1.399999976E0,3.500000000E0
9.017946378E1,6.031302667E1,2.503449833E1,3.170181817E1,1.333130598E0,1.041100006E2,1.399999976E0,3.500000000E0
9.117386585E1,6.031302000E1,2.503452167E1,3.190187409E1,1.344969153E0,1.046200027E2,1.399999976E0,3.500000000E0
9.217030931E1,6.031301500E1,2.503454333E1,3.200192477E1,1.340336680E0,1.040699997E2,1.399999976E0,3.500000000E0
9.316604431E1,6.031301167E1,2.503456500E1,3.210197371E1,1.327983379E0,1.019599991E2,1.399999976E0,3.500000000E0
9.416422870E1,6.031300667E1,2.503459000E1,3.220203139E1,1.327983379E0,1.008399963E2,1.399999976E0,3.500000000E0
9.518135231E1,6.031300167E1,2.503461333E1,3.240208557E1,1.325409770E0,1.007099991E2,1.399999976E0,3.500000000E0
9.617327670E1,6.031299333E1,2.503463333E1,3.250213624E1,1.306879759E0,1.031399994E2,1.399999976E0,3.400000095E0
9.717246770E1,6.031298667E1,2.503465500E1,3.240218867E1,1.311512232E0,1.075299988E2,1.399999976E0,3.400000095E0
9.817384493E1,6.031297833E1,2.503468333E1,3.240225682E1,1.329527497E0,1.365000000E2,1.399999976E0,3.400000095E0
9.917328747E1,6.031297000E1,2.503470833E1,3.230231798E1,1.343425035E0,1.262200012E2,1.399999976E0,3.400000095E0
1.001672791E2,6.031295667E1,2.503472833E1,3.240237388E1,1.407765269E0,1.188700027E2,1.399999976E0,3.400000095E0
1.011813173E2,6.031294000E1,2.503474167E1,3.250241928E1,1.435045600E0,1.188700027E2,1.399999976E0,3.400000095E0
1.021826730E2,6.031292667E1,2.503474167E1,3.250243322E1,1.461296439E0,1.476999969E2,1.399999976E0,3.400000095E0
1.031723425E2,6.031291333E1,2.503473000E1,3.250242268E1,1.476738095E0,1.638800049E2,1.399999976E0,3.500000000E0
1.041645305E2,6.031290500E1,2.503471333E1,3.230239643E1,1.477767467E0,1.796100006E2,1.399999976E0,3.500000000E0
1.051655920E2,6.031290000E1,2.503469167E1,3.220235621E1,1.471590877E0,2.018200073E2,1.399999976E0,3.500000000E0
1.061707612E2,6.031290000E1,2.503466833E1,3.200230726E1,1.471076131E0,2.243800049E2,1.399999976E0,3.500000000E0
1.071721416E2,6.031290167E1,2.503464833E1,3.180226356E1,1.447398901E0,2.487599945E2,1.399999976E0,3.500000000E0
1.081656748E2,6.031290667E1,2.503462833E1,3.160221637E1,1.400044441E0,2.697399902E2,1.399999976E0,3.500000000E0
1.091741887E2,6.031291000E1,2.503460667E1,3.150216743E1,1.357837200E0,2.781600037E2,1.399999976E0,3.500000000E0
1.101764083E2,6.031291167E1,2.503458500E1,3.130212023E1,1.280628920E0,2.795899963E2,1.399999976E0,3.500000000E0
1.111650472E2,6.031291500E1,2.503456000E1,3.100206430E1,1.237906933E0,2.828800049E2,1.399999976E0,3.500000000E0
1.121756158E2,6.031291667E1,2.503453667E1,3.060201361E1,1.186434746E0,2.844700012E2,1.399999976E0,3.500000000E0
1.131826286E2,6.031291833E1,2.503451167E1,3.000195942E1,1.182831645E0,2.863399963E2,1.399999976E0,3.400000095E0
1.141766527E2,6.031292500E1,2.503449000E1,2.980190699E1,1.178199172E0,2.874200134E2,1.299999952E0,3.400000095E0
1.151696809E2,6.031293000E1,2.503446833E1,2.960185631E1,1.180258036E0,2.888299866E2,1.299999952E0,3.400000095E0
1.161755483E2,6.031292833E1,2.503444000E1,2.990179862E1,1.201361656E0,2.882300110E2,1.500000000E0,3.400000095E0
1.171761732E2,6.031293000E1,2.503441500E1,2.990174443E1,1.221435785E0,2.857200012E2,1.399999976E0,3.400000095E0
1.181833081E2,6.031293333E1,2.503439000E1,2.990168849E1,1.248201370E0,2.848999939E2,1.399999976E0,3.400000095E0
1.191649336E2,6.031293500E1,2.503436667E1,2.980163780E1,1.282687783E0,2.853999939E2,1.500000000E0,3.400000095E0
1.201718915E2,6.031293667E1,2.503434000E1,2.960158011E1,1.297099948E0,2.862600098E2,1.600000024E0,3.400000095E0
1.211821292E2,6.031294000E1,2.503431667E1,2.950152768E1,1.297614694E0,2.865899963E2,1.600000024E0,3.500000000E0
1.221794029E2,6.031294333E1,2.503429167E1,2.940147174E1,1.322321415E0,2.864599915E2,1.500000000E0,3.500000000E0
1.231692447E2,6.031294833E1,2.503427000E1,2.940142106E1,1.316659451E0,2.877799988E2,1.500000000E0,3.500000000E0
1.241684841E2,6.031295333E1,2.503424833E1,2.940137038E1,1.332615852E0,2.899200134E2,1.600000024E0,3.500000000E0
1.251855191E2,6.031295833E1,2.503423000E1,3.030132669E1,1.339821935E0,2.907099915E2,1.600000024E0,3.400000095E0
1.261747609E2,6.031296167E1,2.503420500E1,3.030127076E1,1.339307189E0,2.901499939E2,1.500000000E0,3.500000000E0
1.271662865E2,6.031296500E1,2.503418167E1,2.990121832E1,1.353719473E0,2.912099915E2,1.500000000E0,3.400000095E0
1.281698422E2,6.031297000E1,2.503415667E1,2.960116064E1,1.371219993E0,2.915199890E2,1.399999976E0,3.500000000E0
1.291775272E2,6.031297500E1,2.503413000E1,2.920109947E1,1.375337720E0,2.918399963E2,1.399999976E0,3.400000095E0
1.301698949E2,6.031297833E1,2.503410500E1,2.900104354E1,1.379455566E0,2.919500122E2,1.399999976E0,3.400000095E0
1.311758499E2,6.031298167E1,2.503408167E1,2.870099110E1,1.388720512E0,2.925199890E2,1.500000000E0,3.400000095E0
1.321751169E2,6.031298500E1,2.503405667E1,2.860093517E1,1.396441340E0,2.942099915E2,1.399999976E0,3.400000095E0
1.331757271E2,6.031298833E1,2.503403167E1,2.840087923E1,1.389750004E0,2.942500000E2,1.399999976E0,3.400000095E0
1.341770727E2,6.031299333E1,2.503400667E1,2.820082156E1,1.380485058E0,2.933200073E2,1.500000000E0,3.500000000E0
1.351692209E2,6.031299833E1,2.503398000E1,2.800076039E1,1.371734738E0,2.917900085E2,1.500000000E0,3.500000000E0
1.361726370E2,6.031300167E1,2.503395500E1,2.770070445E1,1.365558028E0,2.915199890E2,1.399999976E0,3.400000095E0
1.371779182E2,6.031300833E1,2.503393000E1,2.750064503E1,1.358866692E0,2.948699951E2,1.399999976E0,3.400000095E0
1.381724695E2,6.031301500E1,2.503390000E1,2.730057512E1,1.356807828E0,2.949700012E2,1.500000000E0,3.400000095E0
1.391775262E2,6.031301833E1,2.503387667E1,2.700052269E1,1.357322454E0,2.947099915E2,1.500000000E0,3.400000095E0
1.401740069E2,6.031302167E1,2.503385000E1,2.660046326E1,1.359896064E0,2.945799866E2,1.600000024E0,3.400000095E0
1.411637077E2,6.031302500E1,2.503382667E1,2.640041082E1,1.371734738E0,2.946400146E2,1.500000000E0,3.400000095E0
1.421642838E2,6.031302667E1,2.503380667E1,2.680036712E1,1.376367211E0,2.937000122E2,1.600000024E0,3.400000095E0
1.431733619E2,6.031303167E1,2.503378333E1,2.690031294E1,1.401073933E0,2.928399963E2,1.600000024E0,3.400000095E0
1.441748022E2,6.031303167E1,2.503375667E1,2.710025699E1,1.414971352E0,2.933699951E2,1.600000024E0,3.400000095E0
1.451753222E2,6.031303833E1,2.503372500E1,2.700018359E1,1.434530854E0,2.936300049E2,1.600000024E0,3.500000000E0
1.461752970E2,6.031304167E1,2.503370000E1,2.690012765E1,1.452031374E0,2.925199890E2,1.600000024E0,3.400000095E0
1.471740570E2,6.031304667E1,2.503367167E1,2.700006298E1,1.457693338E0,2.919200134E2,1.600000024E0,3.400000095E0
1.481685696E2,6.031305167E1,2.503364333E1,2.699999831E1,1.457178593E0,2.931799927E2,1.500000000E0,3.400000095E0
1.491730072E2,6.031305667E1,2.503361333E1,2.679993014E1,1.465928912E0,2.936600037E2,1.500000000E0,3.500000000E0
1.501721149E2,6.031306000E1,2.503359000E1,2.639987771E1,1.481885314E0,2.939400024E2,1.500000000E0,3.500000000E0
1.511667022E2,6.031306500E1,2.503356167E1,2.659981303E1,1.481885314E0,2.939500122E2,1.500000000E0,3.400000095E0
1.521776419E2,6.031307000E1,2.503353500E1,2.639975186E1,1.482914686E0,2.942600098E2,1.500000000E0,3.400000095E0
1.531841989E2,6.031307000E1,2.503350833E1,2.659969592E1,1.478796959E0,2.933500061E2,1.500000000E0,3.400000095E0
1.541964745E2,6.031307000E1,2.503348000E1,2.669963648E1,1.477767467E0,2.918099976E2,1.399999976E0,3.400000095E0
1.551661001E2,6.031307167E1,2.503345167E1,2.679957529E1,1.478796959E0,2.916199951E2,1.299999952E0,3.400000095E0
1.561677130E2,6.031307500E1,2.503342833E1,2.679952285E1,1.478282213E0,2.904899902E2,1.299999952E0,3.400000095E0
1.571908742E2,6.031307833E1,2.503340333E1,2.659946692E1,1.480855823E0,2.921700134E2,1.399999976E0,3.400000095E0
1.581746699E2,6.031307833E1,2.503338667E1,2.609943195E1,1.479311705E0,2.942500000E2,1.500000000E0,3.400000095E0
1.591625552E2,6.031308167E1,2.503336167E1,2.609937602E1,1.474679112E0,2.955100098E2,1.500000000E0,3.400000095E0
1.601630973E2,6.031308500E1,2.503333667E1,2.589932008E1,1.468502522E0,2.944800110E2,1.500000000E0,3.400000095E0
1.611677569E2,6.031309000E1,2.503330167E1,2.619924143E1,1.469017267E0,2.940000000E2,1.500000000E0,3.400000095E0
1.621771979E2,6.031309500E1,2.503327833E1,2.599918724E1,1.473649740E0,2.932699890E2,1.500000000E0,3.400000095E0
1.631659773E2,6.031309333E1,2.503325000E1,2.619912955E1,1.475708604E0,2.945499878E2,1.500000000E0,3.400000095E0
1.641684212E2,6.031309167E1,2.503321833E1,2.639906486E1,1.481370568E0,2.945400085E2,1.500000000E0,3.400000095E0
1.651736557E2,6.031309500E1,2.503319000E1,2.709900193E1,1.477767467E0,2.927900085E2,1.500000000E0,3.299999952E0
1.661635311E2,6.031309833E1,2.503315333E1,2.789892152E1,1.475193858E0,2.928399963E2,1.500000000E0,3.299999952E0
1.671750610E2,6.031310333E1,2.503312167E1,2.839884985E1,1.473649740E0,2.947900085E2,1.600000024E0,3.299999952E0
1.681843686E2,6.031311000E1,2.503309667E1,2.859879043E1,1.474164486E0,2.935199890E2,1.500000000E0,3.299999952E0
1.691719721E2,6.031311333E1,2.503306833E1,2.889872750E1,1.476223350E0,2.911000061E2,1.399999976E0,3.400000095E0
1.701661404E2,6.031311667E1,2.503304000E1,2.949866457E1,1.477252722E0,2.899800110E2,1.500000000E0,3.400000095E0
1.711741212E2,6.031312000E1,2.503301000E1,2.969859815E1,1.472620249E0,2.891099854E2,1.500000000E0,3.400000095E0
1.721705798E2,6.031312500E1,2.503298500E1,3.009854047E1,1.470046639E0,2.891700134E2,1.600000024E0,3.299999952E0
1.731686352E2,6.031312833E1,2.503296000E1,3.029848453E1,1.469531894E0,2.895499878E2,1.500000000E0,3.299999952E0
1.741763157E2,6.031313333E1,2.503293667E1,3.029843035E1,1.461811066E0,2.903999939E2,1.600000024E0,3.299999952E0
1.751734342E2,6.031313667E1,2.503291500E1,3.069838141E1,1.462325811E0,2.898099976E2,1.500000000E0,3.299999952E0
1.761643629E2,6.031314000E1,2.503289333E1,3.079833247E1,1.458722830E0,2.935100098E2,1.500000000E0,3.299999952E0
1.771591539E2,6.031314000E1,2.503286833E1,3.079828002E1,1.455119729E0,2.903200073E2,1.500000000E0,3.299999952E0
1.781704813E2,6.031313833E1,2.503284500E1,3.029823281E1,1.421148062E0,2.783800049E2,1.500000000E0,3.400000095E0
1.791682299E2,6.031314000E1,2.503283000E1,2.999819960E1,1.322836161E0,2.712600098E2,1.500000000E0,3.400000095E0
1.801629551E2,6.031314000E1,2.503283000E1,2.989819960E1,1.202391148E0,2.784200134E2,1.399999976E0,3.400000095E0
1.811828902E2,6.031314000E1,2.503282667E1,2.929819260E1,1.142683387E0,3.025599976E2,1.399999976E0,3.299999952E0
1.821797077E2,6.031314833E1,2.503283000E1,2.889819088E1,1.075254679E0,3.025599976E2,1.399999976E0,3.299999952E0
1.831674527E2,6.031316167E1,2.503283333E1,2.859818392E1,1.102535009E0,3.379500122E2,1.500000000E0,3.299999952E0
1.841657835E2,6.031318167E1,2.503284500E1,2.839818748E1,1.154521942E0,1.655999947E1,1.600000024E0,3.400000095E0
1.851747407E2,6.031320167E1,2.503286000E1,2.829819802E1,1.192096710E0,1.872999954E1,1.600000024E0,3.400000095E0
1.861783970E2,6.031322000E1,2.503286500E1,2.829818933E1,1.232759714E0,1.350000000E1,1.600000024E0,3.400000095E0
1.871962509E2,6.031324000E1,2.503285500E1,2.859814743E1,1.261069417E0,6.630000114E0,1.600000024E0,3.299999952E0
1.881784007E2,6.031325333E1,2.503283500E1,2.849809152E1,1.301732540E0,3.532500000E2,1.600000024E0,3.299999952E0
1.891731745E2,6.031326167E1,2.503281667E1,2.829804434E1,1.405706406E0,3.400299988E2,1.600000024E0,3.299999952E0
1.901693518E2,6.031327167E1,2.503279833E1,2.819799542E1,1.557034731E0,3.274400024E2,1.600000024E0,3.299999952E0
1.911744628E2,6.031328333E1,2.503278167E1,2.809794824E1,1.643508077E0,3.243399963E2,1.600000024E0,3.400000095E0
1.921771127E2,6.031329167E1,2.503276167E1,2.819789757E1,1.722775221E0,3.290899963E2,1.600000024E0,3.400000095E0
1.931762157E2,6.031330333E1,2.503275333E1,2.799786788E1,1.699612737E0,3.416600037E2,1.600000024E0,3.400000095E0
1.941753000E2,6.031331667E1,2.503274667E1,2.809783994E1,1.659464478E0,3.527500000E2,1.600000024E0,3.400000095E0
1.951730689E2,6.031333000E1,2.503274000E1,2.809781201E1,1.624463320E0,3.558800049E2,1.500000000E0,3.299999952E0
1.961958370E2,6.031334500E1,2.503274167E1,2.839779981E1,1.596668363E0,1.669999957E0,1.500000000E0,3.400000095E0
1.971640542E2,6.031335833E1,2.503274667E1,2.839779635E1,1.559093595E0,9.050000191E0,1.500000000E0,3.400000095E0
1.981771801E2,6.031337333E1,2.503275833E1,2.819780514E1,1.548284411E0,1.338000011E1,1.500000000E0,3.400000095E0
1.991711422E2,6.031338833E1,2.503276333E1,2.839779993E1,1.539534211E0,1.832999992E1,1.500000000E0,3.400000095E0
2.001761317E2,6.031340333E1,2.503277000E1,2.829779823E1,1.510709763E0,1.826000023E1,1.500000000E0,3.400000095E0
2.011753640E2,6.031341833E1,2.503277667E1,2.829779652E1,1.483944178E0,1.852000046E1,1.500000000E0,3.400000095E0
2.022030252E2,6.031343167E1,2.503278333E1,2.809779656E1,1.457693338E0,1.794000053E1,1.399999976E0,3.400000095E0
2.031772795E2,6.031344333E1,2.503278833E1,2.799779485E1,1.445854664E0,1.807999992E1,1.399999976E0,3.400000095E0
2.041722438E2,6.031345667E1,2.503279500E1,2.799779488E1,1.432471991E0,1.884000015E1,1.399999976E0,3.400000095E0
2.051752649E2,6.031346833E1,2.503280333E1,2.759780016E1,1.434016109E0,1.915999985E1,1.500000000E0,3.400000095E0
2.061738635E2,6.031348000E1,2.503280500E1,2.739779145E1,1.435560226E0,1.979000092E1,1.600000024E0,3.400000095E0
2.071652850E2,6.031349167E1,2.503281167E1,2.719779324E1,1.447398901E0,2.026000023E1,1.600000024E0,3.400000095E0
2.081783788E2,6.031350167E1,2.503281833E1,2.739779676E1,1.456663847E0,2.054000092E1,1.600000024E0,3.400000095E0
2.091729582E2,6.031351333E1,2.503282500E1,2.719779854E1,1.460781693E0,2.045000076E1,1.600000024E0,3.400000095E0
2.101669515E2,6.031352500E1,2.503283333E1,2.729780382E1,1.464899421E0,2.021999931E1,1.600000024E0,3.400000095E0
2.111726551E2,6.031353833E1,2.503284333E1,2.729781085E1,1.476738095E0,2.222999954E1,1.600000024E0,3.500000000E0
2.121828745E2,6.031355167E1,2.503285000E1,2.729781089E1,1.498871088E0,2.377000046E1,1.600000024E0,3.400000095E0
2.131639517E2,6.031356500E1,2.503285167E1,2.719780044E1,1.511739135E0,2.311000061E1,1.600000024E0,3.400000095E0
2.141689428E2,6.031358000E1,2.503286167E1,2.709780573E1,1.513797998E0,2.595000076E1,1.600000024E0,3.400000095E0
2.151744514E2,6.031359167E1,2.503287167E1,2.689781450E1,1.514827490E0,2.654999924E1,1.600000024E0,3.400000095E0
2.161740524E2,6.031360333E1,2.503288167E1,2.689782328E1,1.504533052E0,2.598999977E1,1.600000024E0,3.400000095E0
2.171734997E2,6.031361333E1,2.503288833E1,2.709782681E1,1.503503561E0,2.709000015E1,1.600000024E0,3.400000095E0
2.181674727E2,6.031362500E1,2.503289833E1,2.659783558E1,1.499385834E0,2.775000000E1,1.700000048E0,3.400000095E0
2.191651154E2,6.031364000E1,2.503291000E1,2.659784437E1,1.495268106E0,2.617000008E1,1.700000048E0,3.400000095E0
2.201736397E2,6.031365000E1,2.503292000E1,2.659785489E1,1.483944178E0,2.547999954E1,1.600000024E0,3.400000095E0
2.211655106E2,6.031366333E1,2.503293167E1,2.649786542E1,1.477767467E0,2.521999931E1,1.700000048E0,3.400000095E0
2.221823748E2,6.031367333E1,2.503294000E1,2.669787244E1,1.471590877E0,2.495000076E1,1.700000048E0,3.400000095E0
2.231686875E2,6.031368667E1,2.503295167E1,2.689788297E1,1.470561385E0,2.681999969E1,1.700000048E0,3.400000095E0
2.241695360E2,6.031369667E1,2.503296167E1,2.709789349E1,1.470561385E0,2.731999969E1,1.700000048E0,3.400000095E0
2.251626090E2,6.031370833E1,2.503297333E1,2.709790576E1,1.468502522E0,2.678000069E1,1.700000048E0,3.400000095E0
2.261604287E2,6.031372167E1,2.503298667E1,2.709791979E1,1.469017267E0,2.579999924E1,1.700000048E0,3.400000095E0
2.271703084E2,6.031373167E1,2.503299500E1,2.729792681E1,1.464384675E0,2.520000076E1,1.600000024E0,3.400000095E0
2.281811315E2,6.031374167E1,2.503300167E1,2.779793034E1,1.466443658E0,2.487000084E1,1.600000024E0,3.400000095E0
2.291815502E2,6.031375167E1,2.503300833E1,2.819793387E1,1.467987776E0,2.663999939E1,1.700000048E0,3.400000095E0
2.301706364E2,6.031376167E1,2.503301833E1,2.849794439E1,1.467987776E0,2.959000015E1,1.700000048E0,3.400000095E0
2.311642699E2,6.031377167E1,2.503302833E1,2.869795491E1,1.453575611E0,2.935000038E1,1.600000024E0,3.400000095E0
2.321642689E2,6.031378333E1,2.503304000E1,2.889796718E1,1.447913647E0,3.145000076E1,1.600000024E0,3.400000095E0
2.331724970E2,6.031379500E1,2.503305333E1,2.909798295E1,1.437104464E0,3.112999916E1,1.500000000E0,3.400000095E0
2.341660523E2,6.031380667E1,2.503306000E1,2.909798473E1,1.426810026E0,3.054999924E1,1.500000000E0,3.400000095E0
2.351671145E2,6.031381667E1,2.503307167E1,2.929799875E1,1.423206925E0,3.101000023E1,1.600000024E0,3.500000000E0
2.361660407E2,6.031383000E1,2.503308500E1,2.949801278E1,1.420118570E0,3.028000069E1,1.500000000E0,3.400000095E0
2.371645788E2,6.031384333E1,2.503309333E1,2.939801632E1,1.422692180E0,3.051000023E1,1.399999976E0,3.400000095E0
2.381629037E2,6.031385667E1,2.503310333E1,2.939802335E1,1.413427234E0,3.100000000E1,1.399999976E0,3.400000095E0
2.391783576E2,6.031386833E1,2.503311167E1,2.949802863E1,1.411882997E0,3.095000076E1,1.399999976E0,3.400000095E0
2.401725007E2,6.031388167E1,2.503312333E1,2.949803916E1,1.418059707E0,3.045999908E1,1.399999976E0,3.500000000E0
2.411689709E2,6.031389500E1,2.503313500E1,2.939804969E1,1.428354144E0,2.844000053E1,1.299999952E0,3.400000095E0
2.421576401E2,6.031390667E1,2.503314167E1,2.929805148E1,1.426810026E0,2.745999908E1,1.299999952E0,3.500000000E0
2.431686225E2,6.031392000E1,2.503315333E1,2.919806201E1,1.432986617E0,2.820000076E1,1.299999952E0,3.400000095E0
2.441771240E2,6.031393167E1,2.503316333E1,2.889807079E1,1.439163327E0,2.877000046E1,1.299999952E0,3.400000095E0
2.451545693E2,6.031394333E1,2.503317500E1,2.849808306E1,1.435560226E0,2.839999962E1,1.299999952E0,3.400000095E0
2.461554696E2,6.031395500E1,2.503318167E1,2.839808485E1,1.434016109E0,2.714999962E1,1.299999952E0,3.400000095E0
2.471661991E2,6.031396667E1,2.503319000E1,2.809809013E1,1.424751163E0,2.929999924E1,1.299999952E0,3.400000095E0
2.481615748E2,6.031397833E1,2.503320000E1,2.789809890E1,1.431442499E0,2.873999977E1,1.299999952E0,3.400000095E0
2.491725800E2,6.031398833E1,2.503321167E1,2.779811292E1,1.421662807E0,2.740999985E1,1.299999952E0,3.400000095E0
2.501657007E2,6.031400000E1,2.503322167E1,2.779812170E1,1.411368370E0,2.764999962E1,1.299999952E0,3.400000095E0
2.511582841E2,6.031401333E1,2.503322833E1,2.789812174E1,1.402103305E0,2.598999977E1,1.299999952E0,3.400000095E0
2.521727963E2,6.031402500E1,2.503323667E1,2.789812702E1,1.403647542E0,2.717000008E1,1.299999952E0,3.400000095E0
2.531674607E2,6.031403667E1,2.503324667E1,2.779813580E1,1.402103305E0,2.888999939E1,1.299999952E0,3.400000095E0
2.541935339E2,6.031404667E1,2.503326000E1,2.769815332E1,1.395926714E0,3.377000046E1,1.299999952E0,3.400000095E0
2.551651090E2,6.031405667E1,2.503327333E1,2.749817083E1,1.390264750E0,3.790000153E1,1.299999952E0,3.400000095E0
2.561623998E2,6.031406667E1,2.503328833E1,2.739819185E1,1.387691140E0,3.804999924E1,1.299999952E0,3.400000095E0
2.571864062E2,6.031408000E1,2.503330500E1,2.739821287E1,1.394897223E0,3.761999893E1,1.299999952E0,3.400000095E0
2.581787520E2,6.031409333E1,2.503331667E1,2.739822340E1,1.396956086E0,3.658000183E1,1.399999976E0,3.400000095E0
2.591668456E2,6.031410500E1,2.503333167E1,2.739824267E1,1.404162169E0,3.638999939E1,1.399999976E0,3.400000095E0
2.601711924E2,6.031411500E1,2.503335000E1,2.749827068E1,1.412397742E0,3.629999924E1,1.399999976E0,3.400000095E0
2.611587069E2,6.031412667E1,2.503336500E1,2.749828995E1,1.424236417E0,3.734999847E1,1.299999952E0,3.400000095E0
2.621692130E2,6.031413833E1,2.503337667E1,2.759830223E1,1.424751163E0,3.622000122E1,1.299999952E0,3.400000095E0
2.631668629E2,6.031415000E1,2.503339167E1,2.749832150E1,1.430927753E0,3.574000168E1,1.299999952E0,3.400000095E0
2.641707323E2,6.031416000E1,2.503340667E1,2.729834251E1,1.439678073E0,3.550000000E1,1.299999952E0,3.400000095E0
2.651816862E2,6.031417167E1,2.503342167E1,2.709836178E1,1.455119729E0,3.358000183E1,1.299999952E0,3.400000095E0
2.661834366E2,6.031418333E1,2.503343500E1,2.699837756E1,1.470046639E0,3.256999969E1,1.299999952E0,3.400000095E0
2.671743016E2,6.031419500E1,2.503345167E1,2.699840032E1,1.474164486E0,3.277000046E1,1.299999952E0,3.400000095E0
2.681752032E2,6.031420667E1,2.503346500E1,2.689841610E1,1.467473030E0,3.622999954E1,1.299999952E0,3.400000095E0
2.691720604E2,6.031421667E1,2.503348500E1,2.669844760E1,1.462840557E0,3.552999878E1,1.299999952E0,3.400000095E0
2.701799462E2,6.031422667E1,2.503350333E1,2.659847561E1,1.458208084E0,3.479999924E1,1.299999952E0,3.400000095E0
2.711883040E2,6.031423667E1,2.503351833E1,2.659849663E1,1.452546120E0,3.650000000E1,1.299999952E0,3.400000095E0
2.721839785E2,6.031424667E1,2.503353500E1,2.659852114E1,1.445854664E0,3.729999924E1,1.299999952E0,3.400000095E0
2.731658413E2,6.031425833E1,2.503354833E1,2.659853691E1,1.435560226E0,3.709999847E1,1.299999952E0,3.400000095E0
2.741667527E2,6.031426833E1,2.503356333E1,2.679855793E1,1.426295280E0,3.720000076E1,1.299999952E0,3.400000095E0
2.751718598E2,6.031428000E1,2.503357667E1,2.689857370E1,1.397985578E0,3.899000168E1,1.299999952E0,3.400000095E0
2.761777327E2,6.031429167E1,2.503359167E1,2.699859297E1,1.381514430E0,3.881000137E1,1.299999952E0,3.400000095E0
2.771707329E2,6.031430167E1,2.503360667E1,2.729861399E1,1.374823093E0,3.897000122E1,1.299999952E0,3.400000095E0
2.781661717E2,6.031431167E1,2.503362000E1,2.739863151E1,1.371734738E0,4.038000107E1,1.299999952E0,3.400000095E0
2.791675551E2,6.031432167E1,2.503363333E1,2.739864903E1,1.356293082E0,4.693000031E1,1.299999952E0,3.500000000E0
2.801679499E2,6.031433000E1,2.503364833E1,2.749867178E1,1.341366053E0,4.725000000E1,1.399999976E0,3.500000000E0
2.811683705E2,6.031433833E1,2.503366667E1,2.759870154E1,1.330556989E0,4.859000015E1,1.399999976E0,3.500000000E0
2.821734514E2,6.031434833E1,2.503368000E1,2.779871906E1,1.286805511E0,5.352999878E1,1.399999976E0,3.400000095E0
